{
    "Linear Regression": {
        "mae": 0.00918296572164999,
        "rmse": 0.02922989970876453,
        "haversine": 0.00041336811050531676
    },
    "Random Forest": {
        "mae": 0.006555333977479608,
        "rmse": 0.021708837978510854,
        "haversine": 0.14434051747130305
    },
    "XGBoost": {
        "mae": 0.00817622401296668,
        "rmse": 0.023138806129584657,
        "haversine": 0.48614517853200423
    }
}